{"cameraMode":{"drawMode":0,"name":"Shaded","section":"Shading Mode"},"sceneLighting":false,"audioPlay":false,"sceneViewState":{"showFog":true,"showMaterialUpdate":false,"showSkybox":false,"showFlares":true,"showImageEffects":true,"showParticleSystems":true},"in2DMode":false,"pivot":{"x":-0.14286422729492188,"y":-0.449792742729187,"z":0.30462634563446047},"rotation":{"x":-0.07219532877206803,"y":0.924454391002655,"z":-0.22066162526607514,"w":-0.3024594485759735},"size":10.0,"orthographic":false}