{"cameraMode":{"drawMode":0,"name":"Shaded","section":"Shading Mode"},"sceneLighting":true,"audioPlay":false,"sceneViewState":{"showFog":true,"showMaterialUpdate":false,"showSkybox":true,"showFlares":true,"showImageEffects":true,"showParticleSystems":true},"in2DMode":false,"pivot":{"x":-126.38346862792969,"y":-46.187583923339847,"z":69.65387725830078},"rotation":{"x":-0.11221238970756531,"y":0.865001380443573,"z":-0.22300049662590028,"w":-0.43526291847229006},"size":352.4629821777344,"orthographic":false}